food_cate,food_cate_url,food_cate_dis,food_type,food_type_url,food_type_dis,food,calories,food_price,food_url,food_dis
御飯糰,御飯糰的圖片連結,御飯糰的描述,加熱更好吃的飯糰,加熱更好吃的飯糰的圖片連結,加熱更好吃的飯糰的描述,吳留手-明太子鮭魚烤飯糰,186,42,https://www.7-11.com.tw/freshfoods/1_Ricerolls/images/ricerolls_293.png,blank
御飯糰,御飯糰的圖片連結,御飯糰的描述,經典三角飯糰,經典三角飯糰的圖片連結,經典三角飯糰的描述,新極上飯糰-鮭魚鮭魚卵,178,42,https://www.7-11.com.tw/freshfoods/1_Ricerolls/images/ricerolls_259.png,blank
御飯糰,御飯糰的圖片連結,御飯糰的描述,圓形小飯糰,圓形小飯糰的圖片連結,圓形小飯糰的描述,蝦仁蛋鬆拌飯飯糰(圓),179,35,https://www.7-11.com.tw/freshfoods/1_Ricerolls/images/ricerolls_281.png,blank
御飯糰,御飯糰的圖片連結,御飯糰的描述,握便當,握便當的圖片連結,握便當的描述,握便當-經典奮起湖,351,45,https://www.7-11.com.tw/freshfoods/1_Ricerolls/images/ricerolls_255.png,(豬原料來源：加拿大)
御飯糰,御飯糰的圖片連結,御飯糰的描述,握便當,握便當的圖片連結,握便當的描述,握便當-黑胡椒烤雞排,341,45,https://www.7-11.com.tw/freshfoods/1_Ricerolls/images/ricerolls_258.png,blank
御飯糰,御飯糰的圖片連結,御飯糰的描述,握便當,握便當的圖片連結,握便當的描述,乾杯握便當-鹽烤燒肉雙拼,440,59,https://www.7-11.com.tw/freshfoods/1_Ricerolls/images/ricerolls_253.png,(豬原料來源：台灣)
御飯糰,御飯糰的圖片連結,御飯糰的描述,加熱更好吃的飯糰,加熱更好吃的飯糰的圖片連結,加熱更好吃的飯糰的描述,請客樓-麻油雞飯糰,354,49,https://www.7-11.com.tw/freshfoods/1_Ricerolls/images/ricerolls_284.png,blank
御飯糰,御飯糰的圖片連結,御飯糰的描述,加熱更好吃的飯糰,加熱更好吃的飯糰的圖片連結,加熱更好吃的飯糰的描述,阜杭豆漿-香鬆飯糰,477,45,https://www.7-11.com.tw/freshfoods/1_Ricerolls/images/ricerolls_292.png,blank
御飯糰,御飯糰的圖片連結,御飯糰的描述,加熱更好吃的飯糰,加熱更好吃的飯糰的圖片連結,加熱更好吃的飯糰的描述,阜杭豆漿-經典飯糰,533,45,https://www.7-11.com.tw/freshfoods/1_Ricerolls/images/ricerolls_271.png,(豬原料來源：台灣)
御飯糰,御飯糰的圖片連結,御飯糰的描述,經典三角飯糰,經典三角飯糰的圖片連結,經典三角飯糰的描述,新極上飯糰-鹽烤松阪豬,198,42,https://www.7-11.com.tw/freshfoods/1_Ricerolls/images/ricerolls_280.png,blank
御飯糰,御飯糰的圖片連結,御飯糰的描述,經典三角飯糰,經典三角飯糰的圖片連結,經典三角飯糰的描述,晶華-剝皮辣椒雞米飽,260,49,https://www.7-11.com.tw/freshfoods/1_Ricerolls/images/ricerolls_291.png,blank
御飯糰,御飯糰的圖片連結,御飯糰的描述,加熱更好吃的飯糰,加熱更好吃的飯糰的圖片連結,加熱更好吃的飯糰的描述,乾杯炭火燒肉烤飯糰,202,42,https://www.7-11.com.tw/freshfoods/1_Ricerolls/images/ricerolls_275.png,(豬原料來源：台灣)
御飯糰,御飯糰的圖片連結,御飯糰的描述,圓形小飯糰,圓形小飯糰的圖片連結,圓形小飯糰的描述,石安牧場溏心蛋筍飯飯糰(圓),167,35,https://www.7-11.com.tw/freshfoods/1_Ricerolls/images/ricerolls_239.png,blank
御飯糰,御飯糰的圖片連結,御飯糰的描述,圓形小飯糰,圓形小飯糰的圖片連結,圓形小飯糰的描述,鮭魚海帶芽飯糰(圓),185,33,https://www.7-11.com.tw/freshfoods/1_Ricerolls/images/ricerolls_240.png,blank
御飯糰,御飯糰的圖片連結,御飯糰的描述,加熱更好吃的飯糰,加熱更好吃的飯糰的圖片連結,加熱更好吃的飯糰的描述,熱浪島-泰式打拋飯糰,202,36,https://www.7-11.com.tw/freshfoods/1_Ricerolls/images/ricerolls_286.png,blank
御飯糰,御飯糰的圖片連結,御飯糰的描述,經典三角飯糰,經典三角飯糰的圖片連結,經典三角飯糰的描述,21Plus蔥鹽雞米飽,288,45,https://www.7-11.com.tw/freshfoods/1_Ricerolls/images/ricerolls_290.png,blank
御飯糰,御飯糰的圖片連結,御飯糰的描述,加熱更好吃的飯糰,加熱更好吃的飯糰的圖片連結,加熱更好吃的飯糰的描述,壹番屋-雙起司雞肉咖哩飯糰,251,39,https://www.7-11.com.tw/freshfoods/1_Ricerolls/images/ricerolls_289.png,blank
御飯糰,御飯糰的圖片連結,御飯糰的描述,壽司/手卷,壽司/手卷的圖片連結,壽司/手卷的描述,和風壽司組,289,60,https://www.7-11.com.tw/freshfoods/1_Ricerolls/images/ricerolls_287.png,blank
御飯糰,御飯糰的圖片連結,御飯糰的描述,壽司/手卷,壽司/手卷的圖片連結,壽司/手卷的描述,海陸雙拼壽司組,507,69,https://www.7-11.com.tw/freshfoods/1_Ricerolls/images/ricerolls_276.png,blank
御飯糰,御飯糰的圖片連結,御飯糰的描述,經典三角飯糰,經典三角飯糰的圖片連結,經典三角飯糰的描述,炙燒明太子鮭魚飯糰,177,33,https://www.7-11.com.tw/freshfoods/1_Ricerolls/images/ricerolls_261.png,blank
御飯糰,御飯糰的圖片連結,御飯糰的描述,壽司/手卷,壽司/手卷的圖片連結,壽司/手卷的描述,肉鬆玉子雙手卷,405,49,https://www.7-11.com.tw/freshfoods/1_Ricerolls/images/ricerolls_279.png,(豬原料來源：台灣、加拿大)
御飯糰,御飯糰的圖片連結,御飯糰的描述,壽司/手卷,壽司/手卷的圖片連結,壽司/手卷的描述,秋鮭鮪魚雙手卷,342,49,https://www.7-11.com.tw/freshfoods/1_Ricerolls/images/ricerolls_278.png,(豬原料來源：加拿大)
御飯糰,御飯糰的圖片連結,御飯糰的描述,壽司/手卷,壽司/手卷的圖片連結,壽司/手卷的描述,京都豆皮壽司,278,42,https://www.7-11.com.tw/freshfoods/1_Ricerolls/images/ricerolls_277.png,blank
御飯糰,御飯糰的圖片連結,御飯糰的描述,經典三角飯糰,經典三角飯糰的圖片連結,經典三角飯糰的描述,雞肉飯飯糰,206,28,https://www.7-11.com.tw/freshfoods/1_Ricerolls/images/ricerolls_269.png,blank
御飯糰,御飯糰的圖片連結,御飯糰的描述,經典三角飯糰,經典三角飯糰的圖片連結,經典三角飯糰的描述,燒肉泡菜飯糰,194,33,https://www.7-11.com.tw/freshfoods/1_Ricerolls/images/ricerolls_267.png,(豬原料來源：荷蘭、西班牙)
御飯糰,御飯糰的圖片連結,御飯糰的描述,經典三角飯糰,經典三角飯糰的圖片連結,經典三角飯糰的描述,魚卵小龍蝦沙拉飯糰,211,33,https://www.7-11.com.tw/freshfoods/1_Ricerolls/images/ricerolls_265.png,blank
御飯糰,御飯糰的圖片連結,御飯糰的描述,經典三角飯糰,經典三角飯糰的圖片連結,經典三角飯糰的描述,哇沙米鮭魚飯糰,212,33,https://www.7-11.com.tw/freshfoods/1_Ricerolls/images/ricerolls_263.png,blank
御飯糰,御飯糰的圖片連結,御飯糰的描述,經典三角飯糰,經典三角飯糰的圖片連結,經典三角飯糰的描述,炙燒雪花牛飯糰,212,36,https://www.7-11.com.tw/freshfoods/1_Ricerolls/images/ricerolls_262.png,blank
御飯糰,御飯糰的圖片連結,御飯糰的描述,經典三角飯糰,經典三角飯糰的圖片連結,經典三角飯糰的描述,雙蔬鮪魚飯糰,209,30,https://www.7-11.com.tw/freshfoods/1_Ricerolls/images/ricerolls_268.png,餡料增量50%是以鮪魚飯糰為比較基準
御飯糰,御飯糰的圖片連結,御飯糰的描述,經典三角飯糰,經典三角飯糰的圖片連結,經典三角飯糰的描述,御選肉鬆飯糰,213,28,https://www.7-11.com.tw/freshfoods/1_Ricerolls/images/ricerolls_264.png,"餡料增量50%是以肉鬆飯糰為比較基準
(豬原料來源：加拿大、台灣)"
御飯糰,御飯糰的圖片連結,御飯糰的描述,經典三角飯糰,經典三角飯糰的圖片連結,經典三角飯糰的描述,蔥鹽燒肉飯糰,207,30,https://www.7-11.com.tw/freshfoods/1_Ricerolls/images/ricerolls_266.png,(豬原料來源：荷蘭、西班牙)
輕食,輕食的圖片連結,輕食的描述,沙拉,沙拉的圖片連結,沙拉的描述,烤豆腐溫沙拉,235,69,https://www.7-11.com.tw/freshfoods/16_sandwich/images/light_659.png,blank
輕食,輕食的圖片連結,輕食的描述,沙拉,沙拉的圖片連結,沙拉的描述,一日野菜-八種蔬菜溫沙拉,89,69,https://www.7-11.com.tw/freshfoods/16_sandwich/images/light_657.png,blank
輕食,輕食的圖片連結,輕食的描述,捲餅,捲餅的圖片連結,捲餅的描述,凱薩風味雞肉蔬菜捲,297,60,https://www.7-11.com.tw/freshfoods/16_sandwich/images/light_649.png,blank
輕食,輕食的圖片連結,輕食的描述,沙拉,沙拉的圖片連結,沙拉的描述,豆腐雞胸肉沙拉餐,190,89,https://www.7-11.com.tw/freshfoods/16_sandwich/images/light_654.png,blank
輕食,輕食的圖片連結,輕食的描述,捲餅,捲餅的圖片連結,捲餅的描述,松露風味野菇烘蛋捲餅,275,52,https://www.7-11.com.tw/freshfoods/16_sandwich/images/light_642.png,blank
輕食,輕食的圖片連結,輕食的描述,沙拉,沙拉的圖片連結,沙拉的描述,凱薩沙拉,77,75,https://www.7-11.com.tw/freshfoods/16_sandwich/images/light_653.png,blank
輕食,輕食的圖片連結,輕食的描述,沙拉,沙拉的圖片連結,沙拉的描述,田園鮮蔬五色沙拉,43,75,https://www.7-11.com.tw/freshfoods/16_sandwich/images/light_652.png,blank
輕食,輕食的圖片連結,輕食的描述,沙拉,沙拉的圖片連結,沙拉的描述,21PLUS香草烤雞沙拉,100,69,https://www.7-11.com.tw/freshfoods/16_sandwich/images/light_634.png,blank
輕食,輕食的圖片連結,輕食的描述,沙拉,沙拉的圖片連結,沙拉的描述,柚香和風嫩雞沙拉,116,69,https://www.7-11.com.tw/freshfoods/16_sandwich/images/light_641.png,blank
輕食,輕食的圖片連結,輕食的描述,沙拉,沙拉的圖片連結,沙拉的描述,地瓜雞胸肉沙拉餐,208,89,https://www.7-11.com.tw/freshfoods/16_sandwich/images/light_650.png,blank
輕食,輕食的圖片連結,輕食的描述,沙拉,沙拉的圖片連結,沙拉的描述,紅藜毛豆雞肉沙拉,89,69,https://www.7-11.com.tw/freshfoods/16_sandwich/images/light_647.png,blank
輕食,輕食的圖片連結,輕食的描述,沙拉,沙拉的圖片連結,沙拉的描述,泰式雞肉蒟蒻麵沙拉,64,69,https://www.7-11.com.tw/freshfoods/16_sandwich/images/light_655.png,blank
輕食,輕食的圖片連結,輕食的描述,沙拉,沙拉的圖片連結,沙拉的描述,一日野菜-農夫十蔬,89,55,https://www.7-11.com.tw/freshfoods/16_sandwich/images/light_630.png,blank
輕食,輕食的圖片連結,輕食的描述,沙拉,沙拉的圖片連結,沙拉的描述,一日野菜-和風海藻,37,42,https://www.7-11.com.tw/freshfoods/16_sandwich/images/light_632.png,blank
輕食,輕食的圖片連結,輕食的描述,沙拉,沙拉的圖片連結,沙拉的描述,一日野菜-萵苣沙拉,51,55,https://www.7-11.com.tw/freshfoods/16_sandwich/images/light_631.png,blank
輕食,輕食的圖片連結,輕食的描述,沙拉,沙拉的圖片連結,沙拉的描述,一日野菜-凱薩沙拉,62,55,https://www.7-11.com.tw/freshfoods/16_sandwich/images/light_656.png,blank
輕食,輕食的圖片連結,輕食的描述,沙拉,沙拉的圖片連結,沙拉的描述,洋芋沙拉佐生菜,136,49,https://www.7-11.com.tw/freshfoods/16_sandwich/images/light_609.png,blank
輕食,輕食的圖片連結,輕食的描述,沙拉,沙拉的圖片連結,沙拉的描述,石安牧場溏心蛋洋芋沙拉,183,42,https://www.7-11.com.tw/freshfoods/16_sandwich/images/light_570.png,(豬原料來源：加拿大)
輕食,輕食的圖片連結,輕食的描述,沙拉醬,沙拉醬的圖片連結,沙拉醬的描述,和風醬,33,10,https://www.7-11.com.tw/freshfoods/16_sandwich/images/light_368.png,blank
輕食,輕食的圖片連結,輕食的描述,沙拉醬,沙拉醬的圖片連結,沙拉醬的描述,凱薩醬,154,10,https://www.7-11.com.tw/freshfoods/16_sandwich/images/light_369.png,blank
輕食,輕食的圖片連結,輕食的描述,沙拉醬,沙拉醬的圖片連結,沙拉醬的描述,千島醬,137,10,https://www.7-11.com.tw/freshfoods/16_sandwich/images/light_370.png,blank
湯滷類,其他的圖片連結,其他的描述,鍋物,鍋物的圖片連結,鍋物的描述,太和殿-麻辣鍋,571,139,https://www.7-11.com.tw/freshfoods/3_Cuisine/images/cuisine_219.png,blank
麵類,麵類的圖片連結,麵類的描述,台式特色餐點,台式特色餐點的圖片連結,台式特色餐點的描述,台南風味意麵,570,65,https://www.7-11.com.tw/freshfoods/3_Cuisine/images/cuisine_202.png,(豬原料來源：加拿大、芬蘭)
麵類,麵類的圖片連結,麵類的描述,台式特色餐點,台式特色餐點的圖片連結,台式特色餐點的描述,麻油雞麵線,517,99,https://www.7-11.com.tw/freshfoods/3_Cuisine/images/cuisine_218.png,blank
湯滷類,其他的圖片連結,其他的描述,鍋物,鍋物的圖片連結,鍋物的描述,林聰明-香辣炸魚鍋,532,129,https://www.7-11.com.tw/freshfoods/3_Cuisine/images/cuisine_217.png,blank
飯類,米飯類的圖片連結,米飯類的描述,燴飯/拌飯,燴飯/拌飯的圖片連結,燴飯/拌飯的描述,林聰明-香辣豬肉燴飯,778,85,https://www.7-11.com.tw/freshfoods/3_Cuisine/images/cuisine_215.png,blank
飯類,米飯類的圖片連結,米飯類的描述,炒飯/油飯,炒飯/油飯的圖片連結,炒飯/油飯的描述,漢來蔬食藜麥八寶飯,578,79,https://www.7-11.com.tw/freshfoods/3_Cuisine/images/cuisine_194.png,blank
麵類,麵類的圖片連結,麵類的描述,牛肉麵/拌麵,牛肉麵/拌麵的圖片連結,牛肉麵/拌麵的描述,滿漢大餐酸菜牛肉拌麵,500,109,https://www.7-11.com.tw/freshfoods/3_Cuisine/images/cuisine_209.png,blank
麵類,麵類的圖片連結,麵類的描述,牛肉麵/拌麵,牛肉麵/拌麵的圖片連結,牛肉麵/拌麵的描述,御選紅燒牛肉麵,577,109,https://www.7-11.com.tw/freshfoods/3_Cuisine/images/cuisine_205.png,blank
飯類,米飯類的圖片連結,米飯類的描述,燴飯/拌飯,燴飯/拌飯的圖片連結,燴飯/拌飯的描述,請客樓-御選紅燒牛肉飯,600,99,https://www.7-11.com.tw/freshfoods/3_Cuisine/images/cuisine_206.png,blank
飯類,米飯類的圖片連結,米飯類的描述,炒飯/油飯,炒飯/油飯的圖片連結,炒飯/油飯的描述,漢來XO醬風味椒麻鮮蔬炒飯,788,89,https://www.7-11.com.tw/freshfoods/3_Cuisine/images/cuisine_210.png,blank
麵類,麵類的圖片連結,麵類的描述,台式特色餐點,台式特色餐點的圖片連結,台式特色餐點的描述,晶華-府城風擔仔麵,388,85,https://www.7-11.com.tw/freshfoods/3_Cuisine/images/cuisine_214.png,(豬原料來源：法國、臺灣)
麵類,麵類的圖片連結,麵類的描述,牛肉麵/拌麵,牛肉麵/拌麵的圖片連結,牛肉麵/拌麵的描述,晶華-紅燒牛肉麵,748,159,https://www.7-11.com.tw/freshfoods/3_Cuisine/images/cuisine_212.png,(豬原料來源：法國、臺灣)
飯類,米飯類的圖片連結,米飯類的描述,便當,便當的圖片連結,便當的描述,晶華-肉燥排骨飯,626,99,https://www.7-11.com.tw/freshfoods/3_Cuisine/images/cuisine_216.png,(豬原料來源：法國、臺灣)
麵類,麵類的圖片連結,麵類的描述,牛肉麵/拌麵,牛肉麵/拌麵的圖片連結,牛肉麵/拌麵的描述,沙茶牛肉炒麵,571,75,https://www.7-11.com.tw/freshfoods/3_Cuisine/images/cuisine_208.png,blank
飯類,米飯類的圖片連結,米飯類的描述,燴飯/拌飯,燴飯/拌飯的圖片連結,燴飯/拌飯的描述,請客樓-魚子燒豆腐飯,572,85,https://www.7-11.com.tw/freshfoods/3_Cuisine/images/cuisine_207.png,blank
飯類,米飯類的圖片連結,米飯類的描述,便當,便當的圖片連結,便當的描述,奮起湖雙拼便當,699,89,https://www.7-11.com.tw/freshfoods/3_Cuisine/images/cuisine_200.png,"軟燒肉+雞腿雙主菜
(豬原料來源：台灣)"
飯類,米飯類的圖片連結,米飯類的描述,便當,便當的圖片連結,便當的描述,經典奮起湖便當,593,75,https://www.7-11.com.tw/freshfoods/3_Cuisine/images/cuisine_178.png,(豬原料來源： 西班牙)
飯類,米飯類的圖片連結,米飯類的描述,燴飯/拌飯,燴飯/拌飯的圖片連結,燴飯/拌飯的描述,麻婆豆腐燴飯,644,60,https://www.7-11.com.tw/freshfoods/3_Cuisine/images/cuisine_180.png,(豬原料來源：加拿大、台灣)
飯類,米飯類的圖片連結,米飯類的描述,便當,便當的圖片連結,便當的描述,蒜味香腸便當,648,65,https://www.7-11.com.tw/freshfoods/3_Cuisine/images/cuisine_197.png,(豬原料來源：台灣、西班牙、法國、日本)
飯類,米飯類的圖片連結,米飯類的描述,便當,便當的圖片連結,便當的描述,港式油雞便當,582,65,https://www.7-11.com.tw/freshfoods/3_Cuisine/images/cuisine_179.png,(豬原料來源：台灣、法國、其他(日本))
飯類,米飯類的圖片連結,米飯類的描述,燴飯/拌飯,燴飯/拌飯的圖片連結,燴飯/拌飯的描述,紅燒牛肉燴飯,627,70,https://www.7-11.com.tw/freshfoods/3_Cuisine/images/cuisine_181.png,進口牛腩肉和豆瓣醬，紅燒燉滷微辣回香。
輕食,輕食的圖片連結,輕食的描述,吐司三明治,吐司三明治的圖片連結,吐司三明治的描述,扶旺號-總匯里肌土司,338,69,https://www.7-11.com.tw/freshfoods/4_Snacks/images/Snacks_149.png,blank
飯類,米飯類的圖片連結,米飯類的描述,粥品,粥品的圖片連結,粥品的描述,阿發師芋頭瘦肉粥,274,59,https://www.7-11.com.tw/freshfoods/4_Snacks/images/Snacks_147.png,blank
飯類,米飯類的圖片連結,米飯類的描述,粥品,粥品的圖片連結,粥品的描述,阿發師香菇雞肉粥,234,59,https://www.7-11.com.tw/freshfoods/4_Snacks/images/Snacks_148.png,blank
飯類,米飯類的圖片連結,米飯類的描述,粥品,粥品的圖片連結,粥品的描述,皮蛋瘦肉粥,291,55,https://www.7-11.com.tw/freshfoods/4_Snacks/images/Snacks_146.png,(豬原料來源：台灣、加拿大)
湯滷類,其他的圖片連結,其他的描述,湯品,湯品的圖片連結,湯品的描述,漢來蔬食麻油猴頭菇湯,101,65,https://www.7-11.com.tw/freshfoods/4_Snacks/images/Snacks_144.png,blank
湯滷類,其他的圖片連結,其他的描述,湯品,湯品的圖片連結,湯品的描述,永心鳳茶鳳梨苦瓜雞湯,116,65,https://www.7-11.com.tw/freshfoods/4_Snacks/images/Snacks_143.png,blank
輕食,輕食的圖片連結,輕食的描述,包子,包子的圖片連結,包子的描述,乾杯炭火燒肉包,263,35,https://www.7-11.com.tw/freshfoods/4_Snacks/images/Snacks_134.png,(豬原料來源：台灣)
湯滷類,其他的圖片連結,其他的描述,滷味,滷味的圖片連結,滷味的描述,漢來XO醬風味椒麻滷味拼盤,644,59,https://www.7-11.com.tw/freshfoods/4_Snacks/images/Snacks_140.png,blank
飯類,米飯類的圖片連結,米飯類的描述,炒飯/油飯,炒飯/油飯的圖片連結,炒飯/油飯的描述,雙月香菇油飯,447,59,https://www.7-11.com.tw/freshfoods/4_Snacks/images/Snacks_141.png,(豬原料來源：西班牙、加拿大、其他(日本、臺灣))
湯滷類,其他的圖片連結,其他的描述,湯品,湯品的圖片連結,湯品的描述,雙月香菇雞湯,105,59,https://www.7-11.com.tw/freshfoods/4_Snacks/images/Snacks_142.png,blank
湯滷類,其他的圖片連結,其他的描述,滷味,滷味的圖片連結,滷味的描述,漢來-XO醬風味椒麻滷味燙,509,85,https://www.7-11.com.tw/freshfoods/4_Snacks/images/Snacks_139.png,blank
湯滷類,其他的圖片連結,其他的描述,關東煮,關東煮的圖片連結,關東煮的描述,麻辣關東煮,153,55,https://www.7-11.com.tw/freshfoods/4_Snacks/images/Snacks_137.png,(豬原料來源：台灣)
湯滷類,其他的圖片連結,其他的描述,關東煮,關東煮的圖片連結,關東煮的描述,味噌關東煮,171,55,https://www.7-11.com.tw/freshfoods/4_Snacks/images/Snacks_133.png,(豬原料來源：台灣)
輕食,輕食的圖片連結,輕食的描述,地瓜,地瓜的圖片連結,地瓜的描述,冰烤地瓜,198,35,https://www.7-11.com.tw/freshfoods/4_Snacks/images/Snacks_131.png,blank
湯滷類,其他的圖片連結,其他的描述,湯品,湯品的圖片連結,湯品的描述,永心鳳茶剝皮辣椒雞湯,116,59,https://www.7-11.com.tw/freshfoods/4_Snacks/images/Snacks_129.png,blank
湯滷類,其他的圖片連結,其他的描述,湯品,湯品的圖片連結,湯品的描述,完熟蕃茄蔬菜湯,166,49,https://www.7-11.com.tw/freshfoods/4_Snacks/images/Snacks_116.png,滿足一日1/3蔬菜量攝取
飯類,米飯類的圖片連結,米飯類的描述,咖哩飯,咖哩飯的圖片連結,咖哩飯的描述,熱浪島-南洋風味咖哩飯,434,85,https://www.7-11.com.tw/freshfoods/5_ForeignDishes/images/ForeignDishes_283.png,blank
飯類,米飯類的圖片連結,米飯類的描述,蛋包飯,蛋包飯的圖片連結,蛋包飯的描述,麻婆豆腐歐姆蛋包飯,586,85,https://www.7-11.com.tw/freshfoods/5_ForeignDishes/images/ForeignDishes_304.png,blank
飯類,米飯類的圖片連結,米飯類的描述,炒飯/油飯,炒飯/油飯的圖片連結,炒飯/油飯的描述,冠軍炒飯-參巴醬雞肉炒飯,552,85,https://www.7-11.com.tw/freshfoods/5_ForeignDishes/images/ForeignDishes_263.png,blank
飯類,米飯類的圖片連結,米飯類的描述,便當,便當的圖片連結,便當的描述,牛角-炭火燒肉便當,447,89,https://www.7-11.com.tw/freshfoods/5_ForeignDishes/images/ForeignDishes_305.png,blank
麵類,麵類的圖片連結,麵類的描述,義大利麵,義大利麵的圖片連結,義大利麵的描述,香蒜白酒蛤蠣義大利麵,438,79,https://www.7-11.com.tw/freshfoods/5_ForeignDishes/images/ForeignDishes_227.png,blank
飯類,米飯類的圖片連結,米飯類的描述,便當,便當的圖片連結,便當的描述,21Plus香草烤雞腿時蔬餐,408,89,https://www.7-11.com.tw/freshfoods/5_ForeignDishes/images/ForeignDishes_302.png,豆魚蛋肉類每份提供7g蛋白質(參考國民健康署每日飲食指南換算一日需求2000大卡者每餐攝取2份豆魚蛋肉類)
飯類,米飯類的圖片連結,米飯類的描述,便當,便當的圖片連結,便當的描述,香烤雞胸鮮蔬餐,378,89,https://www.7-11.com.tw/freshfoods/5_ForeignDishes/images/ForeignDishes_303.png,豆魚蛋肉類每份提供7g蛋白質(參考國民健康署每日飲食指南換算一日需求2000大卡者每餐攝取2份豆魚蛋肉類)
麵類,麵類的圖片連結,麵類的描述,義大利麵,義大利麵的圖片連結,義大利麵的描述,烤雞時蔬生義大利麵,456,89,https://www.7-11.com.tw/freshfoods/5_ForeignDishes/images/ForeignDishes_290.png,blank
湯滷類,其他的圖片連結,其他的描述,鍋物,鍋物的圖片連結,鍋物的描述,韓式泡菜豆腐鍋,408,99,https://www.7-11.com.tw/freshfoods/5_ForeignDishes/images/ForeignDishes_300.png,blank
飯類,米飯類的圖片連結,米飯類的描述,炒飯/油飯,炒飯/油飯的圖片連結,炒飯/油飯的描述,辰園-XO醬海鮮炒飯,507,89,https://www.7-11.com.tw/freshfoods/5_ForeignDishes/images/ForeignDishes_301.png,blank
飯類,米飯類的圖片連結,米飯類的描述,便當,便當的圖片連結,便當的描述,星宇航空x胡同秘製燒肉飯,612,99,https://www.7-11.com.tw/freshfoods/5_ForeignDishes/images/ForeignDishes_265.png,(豬原料來源：台灣)
飯類,米飯類的圖片連結,米飯類的描述,丼飯,丼飯的圖片連結,丼飯的描述,一鍋燒-滑蛋嫩雞親子丼,564,89,https://www.7-11.com.tw/freshfoods/5_ForeignDishes/images/ForeignDishes_298.png,blank
湯滷類,其他的圖片連結,其他的描述,鍋物,鍋物的圖片連結,鍋物的描述,晶華-三燔壽喜燒鍋,517,139,https://www.7-11.com.tw/freshfoods/5_ForeignDishes/images/ForeignDishes_299.png,blank
麵類,麵類的圖片連結,麵類的描述,牛肉麵/拌麵,牛肉麵/拌麵的圖片連結,牛肉麵/拌麵的描述,漢來-XO醬風味椒麻拌麵,634,85,https://www.7-11.com.tw/freshfoods/5_ForeignDishes/images/ForeignDishes_295.png,blank
麵類,麵類的圖片連結,麵類的描述,牛肉麵/拌麵,牛肉麵/拌麵的圖片連結,牛肉麵/拌麵的描述,頌丹樂-香辣打拋雞拌麵,540,85,https://www.7-11.com.tw/freshfoods/5_ForeignDishes/images/ForeignDishes_296.png,blank
飯類,米飯類的圖片連結,米飯類的描述,燴飯/拌飯,燴飯/拌飯的圖片連結,燴飯/拌飯的描述,頌丹樂-香辣打拋豬肉飯,565,85,https://www.7-11.com.tw/freshfoods/5_ForeignDishes/images/ForeignDishes_297.png,(豬原料來源：台灣)
飯類,米飯類的圖片連結,米飯類的描述,咖哩飯,咖哩飯的圖片連結,咖哩飯的描述,泰式綠咖哩飯(辣),548,70,https://www.7-11.com.tw/freshfoods/5_ForeignDishes/images/ForeignDishes_204.png,"嚴選泰式香料添加椰漿，辛香開胃
(豬原料來源：日本)"
飯類,米飯類的圖片連結,米飯類的描述,丼飯,丼飯的圖片連結,丼飯的描述,真飽牛丼,761,85,https://www.7-11.com.tw/freshfoods/5_ForeignDishes/images/ForeignDishes_293.png,(牛原料來源：澳洲)
飯類,米飯類的圖片連結,米飯類的描述,燉飯/焗飯,燉飯/焗飯的圖片連結,燉飯/焗飯的描述,晶華酒店-西班牙風味海鮮燉飯,469,99,https://www.7-11.com.tw/freshfoods/5_ForeignDishes/images/ForeignDishes_294.png,blank
飯類,米飯類的圖片連結,米飯類的描述,燉飯/焗飯,燉飯/焗飯的圖片連結,燉飯/焗飯的描述,黑松露野菇燉飯,616,89,https://www.7-11.com.tw/freshfoods/5_ForeignDishes/images/ForeignDishes_288.png,blank
麵類,麵類的圖片連結,麵類的描述,義大利麵,義大利麵的圖片連結,義大利麵的描述,青醬蛤蠣義大利麵,640,79,https://www.7-11.com.tw/freshfoods/5_ForeignDishes/images/ForeignDishes_286.png,blank
飯類,米飯類的圖片連結,米飯類的描述,丼飯,丼飯的圖片連結,丼飯的描述,韓式炸雞起司丼,679,85,https://www.7-11.com.tw/freshfoods/5_ForeignDishes/images/ForeignDishes_306.png,(豬原料來源：加拿大、芬蘭)
飯類,米飯類的圖片連結,米飯類的描述,燉飯/焗飯,燉飯/焗飯的圖片連結,燉飯/焗飯的描述,海鮮起司焗飯,538,79,https://www.7-11.com.tw/freshfoods/5_ForeignDishes/images/ForeignDishes_285.png,blank
麵類,麵類的圖片連結,麵類的描述,義大利麵,義大利麵的圖片連結,義大利麵的描述,燻腸紅醬義大利麵,733,79,https://www.7-11.com.tw/freshfoods/5_ForeignDishes/images/ForeignDishes_282.png,(豬原料來源：加拿大)
麵類,麵類的圖片連結,麵類的描述,義大利麵,義大利麵的圖片連結,義大利麵的描述,奶油青醬野菇義大利麵,601,89,https://www.7-11.com.tw/freshfoods/5_ForeignDishes/images/ForeignDishes_280.png,blank
麵類,麵類的圖片連結,麵類的描述,義大利麵,義大利麵的圖片連結,義大利麵的描述,晶華酒店-松露烤雞義大利麵,510,99,https://www.7-11.com.tw/freshfoods/5_ForeignDishes/images/ForeignDishes_268.png,blank
麵類,麵類的圖片連結,麵類的描述,義大利麵,義大利麵的圖片連結,義大利麵的描述,雙倍起司燻雞焗麵,658,65,https://www.7-11.com.tw/freshfoods/5_ForeignDishes/images/ForeignDishes_277.png,blank
麵類,麵類的圖片連結,麵類的描述,義大利麵,義大利麵的圖片連結,義大利麵的描述,帕瑪森烤雞生義大利麵,544,85,https://www.7-11.com.tw/freshfoods/5_ForeignDishes/images/ForeignDishes_200.png,blank
飯類,米飯類的圖片連結,米飯類的描述,燉飯/焗飯,燉飯/焗飯的圖片連結,燉飯/焗飯的描述,雙拼起司奶香焗飯,584,65,https://www.7-11.com.tw/freshfoods/5_ForeignDishes/images/ForeignDishes_275.png,(豬原料來源：加拿大、芬蘭)
飯類,米飯類的圖片連結,米飯類的描述,燉飯/焗飯,燉飯/焗飯的圖片連結,燉飯/焗飯的描述,烤雞起司肉醬焗飯,578,75,https://www.7-11.com.tw/freshfoods/5_ForeignDishes/images/ForeignDishes_274.png,(豬原料來源：加拿大)
飯類,米飯類的圖片連結,米飯類的描述,丼飯,丼飯的圖片連結,丼飯的描述,歐姆蛋包飯,524,79,https://www.7-11.com.tw/freshfoods/5_ForeignDishes/images/ForeignDishes_208.png,blank
飯類,米飯類的圖片連結,米飯類的描述,燉飯/焗飯,燉飯/焗飯的圖片連結,燉飯/焗飯的描述,咖哩雞排焗飯,701,89,https://www.7-11.com.tw/freshfoods/5_ForeignDishes/images/ForeignDishes_251.png,blank
飯類,米飯類的圖片連結,米飯類的描述,咖哩飯,咖哩飯的圖片連結,咖哩飯的描述,歐姆蛋牛肉咖哩飯,699,79,https://www.7-11.com.tw/freshfoods/5_ForeignDishes/images/ForeignDishes_242.png,(牛原料來源：澳洲)
飯類,米飯類的圖片連結,米飯類的描述,咖哩飯,咖哩飯的圖片連結,咖哩飯的描述,爪哇咖哩飯,609,70,https://www.7-11.com.tw/freshfoods/5_ForeignDishes/images/ForeignDishes_205.png,(豬原料來源：加拿大、日本)
飯類,米飯類的圖片連結,米飯類的描述,咖哩飯,咖哩飯的圖片連結,咖哩飯的描述,佛蒙特咖哩飯,765,70,https://www.7-11.com.tw/freshfoods/5_ForeignDishes/images/ForeignDishes_203.png,(豬原料來源：日本)
麵類,麵類的圖片連結,麵類的描述,義大利麵,義大利麵的圖片連結,義大利麵的描述,帕瑪森肉醬義大利麵,561,65,https://www.7-11.com.tw/freshfoods/5_ForeignDishes/images/ForeignDishes_234.png,blank
麵類,麵類的圖片連結,麵類的描述,義大利麵,義大利麵的圖片連結,義大利麵的描述,培根奶油風味義大利麵,627,65,https://www.7-11.com.tw/freshfoods/5_ForeignDishes/images/ForeignDishes_235.png,(豬原料來源：荷蘭、加拿大)
麵類,麵類的圖片連結,麵類的描述,涼麵,涼麵的圖片連結,涼麵的描述,真飽雙料涼麵-蒜辣麻醬,868,59,https://www.7-11.com.tw/freshfoods/6_Noodles/images/Noodles_67.png,blank
麵類,麵類的圖片連結,麵類的描述,涼麵,涼麵的圖片連結,涼麵的描述,御選川辣麻醬雞絲涼麵,558,59,https://www.7-11.com.tw/freshfoods/6_Noodles/images/Noodles_63.png,blank
麵類,麵類的圖片連結,麵類的描述,涼麵,涼麵的圖片連結,涼麵的描述,真飽雙料涼麵-特選麻醬,578,59,https://www.7-11.com.tw/freshfoods/6_Noodles/images/Noodles_69.png,blank
麵類,麵類的圖片連結,麵類的描述,涼麵,涼麵的圖片連結,涼麵的描述,御選麻醬雞絲涼麵,558,59,https://www.7-11.com.tw/freshfoods/6_Noodles/images/Noodles_66.png,blank
關東煮,關東煮的圖片連結,關東煮的描述,蔬菜類,蔬菜類的圖片連結,蔬菜類的描述,佃煮杏鮑菇,14,18,https://www.7-11.com.tw/freshfoods/7_Oden/images/Oden_101.png,日式柴魚基底前滷入味
關東煮,關東煮的圖片連結,關東煮的描述,蔬菜類,蔬菜類的圖片連結,蔬菜類的描述,新手工高麗菜捲,57,18,https://www.7-11.com.tw/freshfoods/7_Oden/images/Oden_38.png,"高麗菜葉口感更鮮甜,虱目魚內餡咬感更多汁。
(豬原料來源：台灣)"
關東煮,關東煮的圖片連結,關東煮的描述,蔬菜類,蔬菜類的圖片連結,蔬菜類的描述,甜玉米,76,15,https://www.7-11.com.tw/freshfoods/7_Oden/images/Oden_01.png,使用台灣種植玉米製成，玉米粒鮮脆飽滿多汁。
關東煮,關東煮的圖片連結,關東煮的描述,蔬菜類,蔬菜類的圖片連結,蔬菜類的描述,鮮香菇,11,18,https://www.7-11.com.tw/freshfoods/7_Oden/images/Oden_03.png,嚴選台灣在地食材，富含高纖維質，口感鮮甜。
關東煮,關東煮的圖片連結,關東煮的描述,蔬菜類,蔬菜類的圖片連結,蔬菜類的描述,白蘿蔔,8,15,https://www.7-11.com.tw/freshfoods/7_Oden/images/Oden_05.png,中心採十字切法提升入味度，口感鮮甜！
關東煮,關東煮的圖片連結,關東煮的描述,肉類,肉類的圖片連結,肉類的描述,日式炙燒軟骨串,104,22,https://www.7-11.com.tw/freshfoods/7_Oden/images/Oden_100.png,高溫的直火炙燒，瞬間的燒烤焦香，封存住鮮甜肉汁，再加上雞軟骨，軟中帶脆的咬感。(豬原料來源：加拿大)
關東煮,關東煮的圖片連結,關東煮的描述,肉類,肉類的圖片連結,肉類的描述,雞肉丸,86,15,https://www.7-11.com.tw/freshfoods/7_Oden/images/Oden_07.png,"嚴選雞肉製成，口感Q彈鮮美！
(豬原料來源：西班牙)"
關東煮,關東煮的圖片連結,關東煮的描述,肉類,肉類的圖片連結,肉類的描述,豬肉貢丸,100,15,https://www.7-11.com.tw/freshfoods/7_Oden/images/Oden_08.png,"嚴選豬腿肉部位，肉香氣十足，用料實在，多汁Q彈。
(豬原料來源：台灣、西班牙、加拿大)"
關東煮,關東煮的圖片連結,關東煮的描述,海鮮類,海鮮類的圖片連結,海鮮類的描述,華昇飛魚卵海鮮卷,39,20,https://www.7-11.com.tw/freshfoods/7_Oden/images/Oden_99.png, 飛魚卵增量20%，鮮味十足。
關東煮,關東煮的圖片連結,關東煮的描述,海鮮類,海鮮類的圖片連結,海鮮類的描述,日式魚豆腐,82,16,https://www.7-11.com.tw/freshfoods/7_Oden/images/Oden_103.png,嚴選魚漿以低溫蒸煮技術製成，保留魚漿的鮮甜與滑順口感。
關東煮,關東煮的圖片連結,關東煮的描述,海鮮類,海鮮類的圖片連結,海鮮類的描述,桂冠黃金魚蛋,29,15,https://www.7-11.com.tw/freshfoods/7_Oden/images/Oden_18.png,嚴選魚漿製成，口感Q彈，咬勁十足。
關東煮,關東煮的圖片連結,關東煮的描述,海鮮類,海鮮類的圖片連結,海鮮類的描述,台灣黑輪,119,15,https://www.7-11.com.tw/freshfoods/7_Oden/images/Oden_19.png,"嚴選印度洋海域金線鏈魚漿，口感Q度提升。
(豬原料來源：加拿大、荷蘭)"
關東煮,關東煮的圖片連結,關東煮的描述,海鮮類,海鮮類的圖片連結,海鮮類的描述,虱目魚丸,82,16,https://www.7-11.com.tw/freshfoods/7_Oden/images/Oden_63.png,"使用上等虱目魚漿，口感香氣全面提升~
(豬原料來源：加拿大、西班牙)"
關東煮,關東煮的圖片連結,關東煮的描述,海鮮類,海鮮類的圖片連結,海鮮類的描述,海鮮丸,62,15,https://www.7-11.com.tw/freshfoods/7_Oden/images/Oden_21.png,"嚴選南美洲海域高品質魷魚翅部位，吃的到鮮嫩Q彈的魷魚塊唷~
(豬原料來源：加拿大)"
關東煮,關東煮的圖片連結,關東煮的描述,其他,其他的圖片連結,其他的描述,新手工苦瓜封,69,18,https://www.7-11.com.tw/freshfoods/7_Oden/images/Oden_102.png,"屏東在地苦瓜，內餡飽滿。
(豬原料來源：台灣)"
關東煮,關東煮的圖片連結,關東煮的描述,其他,其他的圖片連結,其他的描述,中華油豆腐,60,15,https://www.7-11.com.tw/freshfoods/7_Oden/images/Oden_104.png,嚴選非基改黃豆製成，吸取高湯後整體飽滿多汁。外硬內軟的豐富口感。
關東煮,關東煮的圖片連結,關東煮的描述,其他,其他的圖片連結,其他的描述,米血糕,129,15,https://www.7-11.com.tw/freshfoods/7_Oden/images/Oden_30.png,"低溫保鮮優質豬血，搭配國產蓬萊米，安心美味。
(豬原料來源：台灣)"
關東煮,關東煮的圖片連結,關東煮的描述,其他,其他的圖片連結,其他的描述,關東煮春雨,80,15,https://www.7-11.com.tw/freshfoods/7_Oden/images/Oden_65.png,份量增量20%，口感滑溜。
關東煮,關東煮的圖片連結,關東煮的描述,其他,其他的圖片連結,其他的描述,關東煮科學麵,188,10,https://www.7-11.com.tw/freshfoods/7_Oden/images/Oden_33.png,關東煮正餐最佳選擇。
關東煮,關東煮的圖片連結,關東煮的描述,其他,其他的圖片連結,其他的描述,滷豬血,19,15,https://www.7-11.com.tw/freshfoods/7_Oden/images/Oden_34.png,"CAS屠宰場每日供應高品質豬血製成，口感軟嫩細緻，最適搭配麻辣高湯食用。
(豬原料來源：台灣)"
輕食,輕食的圖片連結,輕食的描述,加熱潛艇堡,加熱潛艇堡的圖片連結,加熱潛艇堡的描述,起司四重奏熱狗堡,453,55,https://www.7-11.com.tw/freshfoods/8_Bigbite/images/Bigbite_23.png,(豬原料來源：台灣)
輕食,輕食的圖片連結,輕食的描述,加熱潛艇堡,加熱潛艇堡的圖片連結,加熱潛艇堡的描述,肉醬起司熱狗堡,453,59,https://www.7-11.com.tw/freshfoods/8_Bigbite/images/Bigbite_25.png,(豬原料來源：台灣)
輕食,輕食的圖片連結,輕食的描述,加熱潛艇堡,加熱潛艇堡的圖片連結,加熱潛艇堡的描述,美式多汁熱狗堡,376,50,https://www.7-11.com.tw/freshfoods/8_Bigbite/images/Bigbite_24.png,(豬原料來源：台灣)
輕食,輕食的圖片連結,輕食的描述,加熱潛艇堡,加熱潛艇堡的圖片連結,加熱潛艇堡的描述,美式原味熱狗,214,33,https://www.7-11.com.tw/freshfoods/8_Bigbite/images/Bigbite_18.png,(豬原料來源：台灣)
輕食,輕食的圖片連結,輕食的描述,加熱潛艇堡,加熱潛艇堡的圖片連結,加熱潛艇堡的描述,紐約客辣味熱狗,233,35,https://www.7-11.com.tw/freshfoods/8_Bigbite/images/Bigbite_17.png,(豬原料來源：西班牙、加拿大)
輕食,輕食的圖片連結,輕食的描述,加熱潛艇堡,加熱潛艇堡的圖片連結,加熱潛艇堡的描述,三起司熱狗,233,33,https://www.7-11.com.tw/freshfoods/8_Bigbite/images/Bigbite_14.png,(豬原料來源：台灣)
輕食,輕食的圖片連結,輕食的描述,加熱潛艇堡,加熱潛艇堡的圖片連結,加熱潛艇堡的描述,韓式辣味大熱狗,216,35,https://www.7-11.com.tw/freshfoods/8_Bigbite/images/Bigbite_13.png,(豬原料來源：西班牙、加拿大)
輕食,輕食的圖片連結,輕食的描述,加熱潛艇堡,加熱潛艇堡的圖片連結,加熱潛艇堡的描述,大亨堡麵包,177,12,https://www.7-11.com.tw/freshfoods/8_Bigbite/images/Bigbite_19.png,blank
麵包,麵包的圖片連結,麵包的描述,鹹,鹹的圖片連結,鹹的描述,培根起司手撕包,240,45,https://www.7-11.com.tw/freshfoods/11_bread/images/bread_176.png,blank
麵包,麵包的圖片連結,麵包的描述,鹹,鹹的圖片連結,鹹的描述,雙起司鮪魚堡,317,38,https://www.7-11.com.tw/freshfoods/11_bread/images/bread_175.png,blank
麵包,麵包的圖片連結,麵包的描述,甜,甜的圖片連結,甜的描述,巧克力奶霜雙餡鬆餅,353,35,https://www.7-11.com.tw/freshfoods/11_bread/images/bread_171.png,blank
麵包,麵包的圖片連結,麵包的描述,甜,甜的圖片連結,甜的描述,蜂蜜奶霜雙餡鬆餅,322,35,https://www.7-11.com.tw/freshfoods/11_bread/images/bread_172.png,blank
麵包,麵包的圖片連結,麵包的描述,甜,甜的圖片連結,甜的描述,焦糖海鹽馬卡龍,182,35,https://www.7-11.com.tw/freshfoods/11_bread/images/bread_174.png,blank
麵包,麵包的圖片連結,麵包的描述,甜,甜的圖片連結,甜的描述,奶油風味手撕包,390,42,https://www.7-11.com.tw/freshfoods/11_bread/images/bread_169.png,blank
麵包,麵包的圖片連結,麵包的描述,甜,甜的圖片連結,甜的描述,日式紅豆奶露,404,35,https://www.7-11.com.tw/freshfoods/11_bread/images/bread_153.png,blank
麵包,麵包的圖片連結,麵包的描述,甜,甜的圖片連結,甜的描述,草莓奶霜軟法麵包,360,35,https://www.7-11.com.tw/freshfoods/11_bread/images/bread_150.png,blank
麵包,麵包的圖片連結,麵包的描述,鹹,鹹的圖片連結,鹹的描述,三起司布里歐,282,35,https://www.7-11.com.tw/freshfoods/11_bread/images/bread_168.png,blank
麵包,麵包的圖片連結,麵包的描述,鹹,鹹的圖片連結,鹹的描述,蛋黃奶香麵包,310,25,https://www.7-11.com.tw/freshfoods/11_bread/images/bread_166.png,blank
麵包,麵包的圖片連結,麵包的描述,甜,甜的圖片連結,甜的描述,芋香麵包,314,35,https://www.7-11.com.tw/freshfoods/11_bread/images/bread_148.png,blank
麵包,麵包的圖片連結,麵包的描述,鹹,鹹的圖片連結,鹹的描述,培根蛋沙拉麵包,308,35,https://www.7-11.com.tw/freshfoods/11_bread/images/bread_156.png,(豬原料來源：台灣)
麵包,麵包的圖片連結,麵包的描述,甜,甜的圖片連結,甜的描述,蘭姆葡萄奶霜夾心,314,35,https://www.7-11.com.tw/freshfoods/11_bread/images/bread_157.png,blank
麵包,麵包的圖片連結,麵包的描述,鹹,鹹的圖片連結,鹹的描述,鹽可頌麵包,217,32,https://www.7-11.com.tw/freshfoods/11_bread/images/bread_160.png,blank
麵包,麵包的圖片連結,麵包的描述,甜,甜的圖片連結,甜的描述,丹麥紅豆捲,440,42,https://www.7-11.com.tw/freshfoods/11_bread/images/bread_158.png,blank
麵包,麵包的圖片連結,麵包的描述,甜,甜的圖片連結,甜的描述,脆片巧克力夾心麵包,349,35,https://www.7-11.com.tw/freshfoods/11_bread/images/bread_154.png,blank
麵包,麵包的圖片連結,麵包的描述,鹹,鹹的圖片連結,鹹的描述,雙醬起司燻腸堡,395,42,https://www.7-11.com.tw/freshfoods/11_bread/images/bread_152.png,(豬原料來源：加拿大、芬蘭)
麵包,麵包的圖片連結,麵包的描述,甜,甜的圖片連結,甜的描述,岩石巧克力風味麵包,440,39,https://www.7-11.com.tw/freshfoods/11_bread/images/bread_149.png,blank
麵包,麵包的圖片連結,麵包的描述,鹹,鹹的圖片連結,鹹的描述,帕瑪森起司麵包,309,35,https://www.7-11.com.tw/freshfoods/11_bread/images/bread_143.png,blank
麵包,麵包的圖片連結,麵包的描述,甜,甜的圖片連結,甜的描述,蜜糖杏仁可頌,463,39,https://www.7-11.com.tw/freshfoods/11_bread/images/bread_142.png,blank
麵包,麵包的圖片連結,麵包的描述,鹹,鹹的圖片連結,鹹的描述,雙起司方塊麵包,303,39,https://www.7-11.com.tw/freshfoods/11_bread/images/bread_135.png,blank
麵包,麵包的圖片連結,麵包的描述,鹹,鹹的圖片連結,鹹的描述,丹麥起司火腿,396,35,https://www.7-11.com.tw/freshfoods/11_bread/images/bread_121.png,(豬原料來源：台灣)
麵包,麵包的圖片連結,麵包的描述,甜,甜的圖片連結,甜的描述,日式紅豆雙餡銅鑼燒,212,32,https://www.7-11.com.tw/freshfoods/11_bread/images/bread_145.png,blank
麵包,麵包的圖片連結,麵包的描述,甜,甜的圖片連結,甜的描述,巧克力大理石棒,376,35,https://www.7-11.com.tw/freshfoods/11_bread/images/bread_02.png,blank
輕食,輕食的圖片連結,輕食的描述,加熱潛艇堡,加熱潛艇堡的圖片連結,加熱潛艇堡的描述,壽喜燒豬肉堡,350,75,https://www.7-11.com.tw/freshfoods/16_sandwich/images/sandwich_14.png,blank
輕食,輕食的圖片連結,輕食的描述,加熱潛艇堡,加熱潛艇堡的圖片連結,加熱潛艇堡的描述,青醬雞肉軟法,304,75,https://www.7-11.com.tw/freshfoods/16_sandwich/images/sandwich_13.png,blank
輕食,輕食的圖片連結,輕食的描述,吐司三明治,吐司三明治的圖片連結,吐司三明治的描述,地瓜起司三明治,242,39,https://www.7-11.com.tw/freshfoods/16_sandwich/images/sandwich_12.png,blank
輕食,輕食的圖片連結,輕食的描述,吐司三明治,吐司三明治的圖片連結,吐司三明治的描述,招牌百匯三明治,281,49,https://www.7-11.com.tw/freshfoods/16_sandwich/images/sandwich_10.png,blank
輕食,輕食的圖片連結,輕食的描述,吐司三明治,吐司三明治的圖片連結,吐司三明治的描述,鮪魚蛋雙拼三明治,275,42,https://www.7-11.com.tw/freshfoods/16_sandwich/images/sandwich_08.png,blank
輕食,輕食的圖片連結,輕食的描述,吐司三明治,吐司三明治的圖片連結,吐司三明治的描述,藍莓乳酪三明治,249,29,https://www.7-11.com.tw/freshfoods/16_sandwich/images/sandwich_09.png,blank
輕食,輕食的圖片連結,輕食的描述,吐司三明治,吐司三明治的圖片連結,吐司三明治的描述,石安牧場蛋沙拉三明治,263,39,https://www.7-11.com.tw/freshfoods/16_sandwich/images/sandwich_03.png,blank
輕食,輕食的圖片連結,輕食的描述,吐司三明治,吐司三明治的圖片連結,吐司三明治的描述,起司火腿蛋三明治,219,29,https://www.7-11.com.tw/freshfoods/16_sandwich/images/sandwich_06.png,(豬原料來源：加拿大)
輕食,輕食的圖片連結,輕食的描述,吐司三明治,吐司三明治的圖片連結,吐司三明治的描述,起司三重奏三明治,283,39,https://www.7-11.com.tw/freshfoods/16_sandwich/images/sandwich_05.png,blank
輕食,輕食的圖片連結,輕食的描述,吐司三明治,吐司三明治的圖片連結,吐司三明治的描述,照燒雞溏心蛋三明治,230,49,https://www.7-11.com.tw/freshfoods/16_sandwich/images/sandwich_07.png,blank
輕食,輕食的圖片連結,輕食的描述,吐司三明治,吐司三明治的圖片連結,吐司三明治的描述,紐奧良風味鮮蔬烤雞三明治,291,49,https://www.7-11.com.tw/freshfoods/16_sandwich/images/sandwich_04.png,blank
輕食,輕食的圖片連結,輕食的描述,加熱漢堡,加熱漢堡的圖片連結,加熱漢堡的描述,吉士豬肉堡,252,35,https://www.7-11.com.tw/freshfoods/16_sandwich/images/sandwich_02.png,"(豬原料來源：丹麥/
豬原料來源：加拿大、芬蘭，
因區域販售不同，請見商品包裝標示)"
輕食,輕食的圖片連結,輕食的描述,加熱漢堡,加熱漢堡的圖片連結,加熱漢堡的描述,吉士豬肉堡加蛋,281,45,https://www.7-11.com.tw/freshfoods/16_sandwich/images/sandwich_11.png,"(豬原料來源：丹麥/
豬原料來源：加拿大、芬蘭，
因區域販售不同，請見商品包裝標示)"
輕食,輕食的圖片連結,輕食的描述,加熱漢堡,加熱漢堡的圖片連結,加熱漢堡的描述,勁辣雞腿堡,482,59,https://www.7-11.com.tw/freshfoods/16_sandwich/images/sandwich_01.png,blank